{
  "shoulder_pan": 62.81318681318681,
  "shoulder_lift": 100.0,
  "elbow_flex": -47.78021978021978,
  "wrist_flex": -53.40659340659341,
  "gripper": 53.31147540983606
}